age_bin,bias_dyn_mean,bias_dyn_std,count_dyn,bias_snid_mean,bias_snid_std,count_snid,bin_center_mean
"(-15, -10]",-2.0619823867830784,3.8425667279802465,24,7.122083333331758,3.312828463342636,24,-11.274999999998423
"(-10, -5]",-1.0310922000428777,2.5243764403745144,113,4.16026548672545,2.828434688309488,113,-7.28814159292014
"(-5, 0]",-1.3642764158222362,2.349890250141328,178,0.3269943820224016,2.0429934929897264,178,-2.299213483145997
"(0, 5]",-1.6886426057695978,3.0277413035785616,212,-1.1828066037736604,2.041826910645802,212,2.562028301886868
"(5, 10]",-1.6845189760736705,3.37936844709372,179,-0.849567039106181,1.5384739953100774,179,7.35452513966484
"(10, 15]",-0.7282910943795025,3.38911075980413,102,0.08862745097961038,3.4489596764729056,102,12.285000000000782
"(15, 20]",-0.8692334300846571,4.483290656612225,86,-0.09918604651172629,2.593238477324009,86,17.43860465116289
"(20, 25]",-1.1870823055597421,4.5949906201080575,46,0.3808695652165306,3.9546482220783674,46,22.42891304347912
